epoch,step,train_loss,train_ppl,val_loss,val_ppl
0,2454,,,2.6879220008850098,14.701094627380371
0,2454,2.790790557861328,16.293895721435547,,
